danceability,energy,valence,tempo,loudness,mode,key,acousticness,instrumentalness,liveness,speechiness,explicit,duration_ms,genre,
0.09463724562316513,0.0928607190962921,0.09415109685237595,0.08917511893933604,0.09483092998279978,0.008920425412488237,0.047034083378278954,0.10176202412277284,0.07702606875387538,0.08685018255091875,0.10105353660566534,0.0013452689353962359,0.11035329974663519,
