danceability,energy,valence,tempo,loudness,mode,key,acousticness,instrumentalness,liveness,speechiness,duration_ms,
2.6930803992222385e-05,2.978876784719554e-05,2.5349763359959036e-05,2.3038820412394885e-05,2.5441278983977083e-05,1.823799119469785e-05,1.1101440522922256e-05,3.231237014466248e-05,2.895395163531919e-05,2.199547333158836e-05,4.8049664132847716e-05,1.8580522409968076e-05,